City_ID,City,Country,Date,Lat,Lng,Max Temp,Humidity,Cloudiness,Wind Speed
0,New Norfolk,AU,2022-05-16 14:39:20,-42.7826,147.0587,44.92,80,44,8.39
1,Sandnessjoen,NO,2022-05-16 14:45:26,66.0217,12.6316,43.32,64,75,8.05
2,Port Alfred,ZA,2022-05-16 14:39:06,-33.5906,26.891,73.18,75,0,1.99
3,Qaanaaq,GL,2022-05-16 14:40:58,77.484,-69.3632,22.86,75,28,6.17
4,Georgetown,MY,2022-05-16 14:40:36,5.4112,100.3354,80.53,93,40,3.44
5,San Quintin,MX,2022-05-16 14:40:37,30.4833,-115.95,60.39,79,88,11.68
6,Tsimlyansk,RU,2022-05-16 14:45:27,47.6461,42.1019,61.59,48,54,11.01
7,Butaritari,KI,2022-05-16 14:44:04,3.0707,172.7902,81.3,76,100,13.76
8,Rikitea,PF,2022-05-16 14:37:36,-23.1203,-134.9692,77.34,69,38,19.84
9,Saint-Philippe,RE,2022-05-16 14:40:38,-21.3585,55.7679,72.99,81,100,12.91
10,Port Elizabeth,ZA,2022-05-16 14:37:44,-33.918,25.5701,86.09,72,0,9.22
11,Beyneu,KZ,2022-05-16 14:45:27,45.3167,55.2,76.15,35,100,16.26
12,Waingapu,ID,2022-05-16 14:45:28,-9.6567,120.2641,79.05,87,19,4.81
13,Busselton,AU,2022-05-16 14:38:54,-33.65,115.3333,62.11,60,100,11.21
14,Clyde River,CA,2022-05-16 14:44:46,70.4692,-68.5914,23.23,93,20,5.75
15,Jamestown,US,2022-05-16 14:37:31,42.097,-79.2353,58.64,94,100,14.97
16,Chongwe,ZM,2022-05-16 14:45:30,-15.3292,28.682,68.34,50,0,6.24
17,Lebu,CL,2022-05-16 14:39:08,-37.6167,-73.65,58.53,49,9,1.34
18,Gat,IL,2022-05-16 14:45:30,31.61,34.7642,77.4,38,100,10.69
19,Guinguineo,SN,2022-05-16 14:45:33,14.2667,-15.95,107.73,11,91,11.77
20,Palasa,IN,2022-05-16 14:45:35,18.7667,84.4167,83.68,84,2,9.06
21,Avarua,CK,2022-05-16 14:45:35,-21.2078,-159.775,75.25,78,75,2.3
22,Ancud,CL,2022-05-16 14:45:36,-41.8697,-73.8203,50.23,61,6,10.13
23,Punta Arenas,CL,2022-05-16 14:37:18,-53.15,-70.9167,37.42,93,0,4.61
24,Pevek,RU,2022-05-16 14:39:19,69.7008,170.3133,23.34,83,100,4.36
25,Ushuaia,AR,2022-05-16 14:37:45,-54.8,-68.3,53.26,40,0,3.44
26,Stillwater,US,2022-05-16 14:41:54,36.1156,-97.0584,70.09,80,0,3.44
27,Nikolskoye,RU,2022-05-16 14:39:09,59.7035,30.7861,51.87,83,100,8.01
28,Bredasdorp,ZA,2022-05-16 14:39:27,-34.5322,20.0403,75.72,25,0,3.13
29,San Policarpo,PH,2022-05-16 14:45:37,12.1791,125.5072,81.46,84,100,9.8
30,Katsuura,JP,2022-05-16 14:40:35,35.1333,140.3,58.53,95,100,14.32
31,Mahebourg,MU,2022-05-16 14:40:57,-20.4081,57.7,77.29,69,75,14.97
32,Kamien Pomorski,PL,2022-05-16 14:45:38,53.9685,14.7726,68.36,61,100,10.33
33,Kamenka,RU,2022-05-16 14:45:39,51.3223,42.7678,53.13,68,54,13.42
34,Dikson,RU,2022-05-16 14:38:54,73.5069,80.5464,33.49,99,100,6.06
35,Atuona,PF,2022-05-16 14:38:51,-9.8,-139.0333,78.08,72,0,15.73
36,Katherine,AU,2022-05-16 14:45:39,-14.4667,132.2667,73.72,43,0,4.61
37,Kamensk-Uralskiy,RU,2022-05-16 14:45:40,56.4185,61.9329,55.45,76,100,9.26
38,Sao Filipe,CV,2022-05-16 14:42:33,14.8961,-24.4956,80.04,58,47,8.55
39,Leinfelden-Echterdingen,DE,2022-05-16 14:45:41,48.6941,9.1681,72.86,67,20,9.22
40,Kipini,KE,2022-05-16 14:45:42,-2.5257,40.5262,82.69,81,11,15.88
41,Hermanus,ZA,2022-05-16 14:44:10,-34.4187,19.2345,73.49,40,10,3.4
42,Vaini,TO,2022-05-16 14:37:12,-21.2,-175.2,71.76,73,20,4.61
43,Mataura,NZ,2022-05-16 14:37:08,-46.1927,168.8643,56.48,74,79,3.56
44,Road Town,VG,2022-05-16 14:45:43,18.4167,-64.6167,84.29,74,40,10.36
45,Thompson,CA,2022-05-16 14:41:43,55.7435,-97.8558,37.56,56,20,10.36
46,Airai,TL,2022-05-16 14:37:06,-8.9266,125.4092,59.16,88,8,1.79
47,Rajshahi,BD,2022-05-16 14:46:45,24.3667,88.6,87.75,64,99,14.16
48,Provideniya,RU,2022-05-16 14:42:47,64.3833,-173.3,30.09,80,10,4.16
49,Yellowknife,CA,2022-05-16 14:42:23,62.456,-114.3525,41.56,56,75,13.8
50,Cherskiy,RU,2022-05-16 14:39:04,68.75,161.3,33.96,88,100,8.88
51,Oxelosund,SE,2022-05-16 14:46:46,58.6706,17.1015,62.89,31,0,6.91
52,Walvis Bay,NA,2022-05-16 14:38:48,-22.9575,14.5053,85.15,32,0,6.91
53,Bluff,NZ,2022-05-16 14:37:04,-46.6,168.3333,56.8,87,97,15.35
54,Kavieng,PG,2022-05-16 14:46:46,-2.5744,150.7967,81.34,75,53,8.01
55,Qostanay,KZ,2022-05-16 14:43:05,53.1667,63.5833,66.49,39,0,20.13
56,Vestmannaeyjar,IS,2022-05-16 14:46:47,63.4427,-20.2734,50.99,81,20,28.77
57,Andros Town,BS,2022-05-16 14:46:48,24.7,-77.7667,80.56,65,99,12.3
58,Meulaboh,ID,2022-05-16 14:46:49,4.1363,96.1285,79.77,83,100,3.38
59,Bathsheba,BB,2022-05-16 14:46:49,13.2167,-59.5167,86.61,74,75,24.16
60,Longyearbyen,SJ,2022-05-16 14:35:04,78.2186,15.6401,31.84,69,75,10.36
61,Kaitangata,NZ,2022-05-16 14:39:28,-46.2817,169.8464,51.6,78,47,6.44
62,Tasiilaq,GL,2022-05-16 14:37:30,65.6145,-37.6368,36.01,98,100,10.74
63,Bambous Virieux,MU,2022-05-16 14:42:23,-20.3428,57.7575,77.25,69,75,14.97
64,Bitung,ID,2022-05-16 14:46:51,1.4451,125.1824,77.85,82,66,2.15
65,Labuhan,ID,2022-05-16 14:46:52,-6.8844,112.2051,81.97,78,100,2.51
66,Albany,US,2022-05-16 14:37:15,42.6001,-73.9662,73.62,83,67,5.93
67,Pangnirtung,CA,2022-05-16 14:46:53,66.1451,-65.7125,21.2,86,20,6.91
68,Gorontalo,ID,2022-05-16 14:46:53,0.5412,123.0595,76.28,95,90,2.89
69,Hithadhoo,MV,2022-05-16 14:37:40,-0.6,73.0833,83.73,75,67,14.23
70,Cuxhaven,DE,2022-05-16 14:46:54,53.8718,8.6909,75.4,35,40,14.97
71,Nanortalik,GL,2022-05-16 14:39:12,60.1432,-45.2371,37.36,76,100,7.56
72,Kilindoni,TZ,2022-05-16 14:46:54,-7.9139,39.6668,80.82,71,29,16.44
73,Vila Franca Do Campo,PT,2022-05-16 14:46:55,37.7167,-25.4333,63.01,65,77,15.97
74,Esperance,AU,2022-05-16 14:42:17,-33.8667,121.9,56.17,76,0,14.65
75,Carnarvon,AU,2022-05-16 14:46:56,-24.8667,113.6333,71.65,51,0,11.34
76,Chokurdakh,RU,2022-05-16 14:43:53,70.6333,147.9167,24.57,96,100,13.6
77,Broome,US,2022-05-16 14:46:56,42.2506,-75.833,76.01,74,45,5.01
78,Saskylakh,RU,2022-05-16 14:37:14,71.9167,114.0833,29.59,93,100,8.08
79,Banda Aceh,ID,2022-05-16 14:46:57,5.5577,95.3222,81.93,77,100,5.17
80,Pacific Grove,US,2022-05-16 14:44:33,36.6177,-121.9166,55.81,90,100,11.01
81,Ilulissat,GL,2022-05-16 14:39:03,69.2167,-51.1,30.22,55,0,4.61
82,Manzhouli,CN,2022-05-16 14:46:57,49.6,117.4333,53.31,35,40,8.7
83,Frutigen,CH,2022-05-16 14:46:58,46.5878,7.6475,73.63,45,100,3.83
84,Lexington Park,US,2022-05-16 14:46:59,38.2668,-76.4538,74.66,86,100,10.36
85,Makabe,JP,2022-05-16 14:46:59,36.2667,140.1,57.02,95,100,4.14
86,Sitka,US,2022-05-16 14:45:57,57.0531,-135.33,42.69,81,100,5.75
87,Barrow,US,2022-05-16 14:42:00,71.2906,-156.7887,15.82,79,100,16.11
88,Portland,US,2022-05-16 14:44:17,45.5234,-122.6762,56.98,83,100,8.01
89,Caravelas,BR,2022-05-16 14:44:28,-17.7125,-39.2481,84.7,62,61,7.61
90,Sverdlovskiy,RU,2022-05-16 14:47:00,55.9108,38.1536,55.89,53,81,10.87
91,Beringovskiy,RU,2022-05-16 14:47:00,63.05,179.3167,33.67,82,2,7.27
92,Tynda,RU,2022-05-16 14:48:02,55.1667,124.7167,27.0,72,17,5.19
93,Tuatapere,NZ,2022-05-16 14:48:03,-46.1333,167.6833,53.71,94,97,2.1
94,Kolosovka,RU,2022-05-16 14:48:03,56.4678,73.611,56.68,84,70,9.8
95,Palmer,US,2022-05-16 14:45:49,42.1584,-72.3287,81.64,68,75,4.61
96,Khatanga,RU,2022-05-16 14:42:12,71.9667,102.5,28.74,90,98,10.31
97,Souillac,MU,2022-05-16 14:44:34,-20.5167,57.5167,77.38,69,75,14.97
98,Juneau,US,2022-05-16 14:43:12,58.3019,-134.4197,46.22,89,75,0.0
99,Kapaa,US,2022-05-16 14:48:04,22.0752,-159.319,72.12,93,100,11.5
100,Tenenkou,ML,2022-05-16 14:48:04,14.4572,-4.9169,106.36,6,7,1.54
101,Lagunas,PE,2022-05-16 14:48:05,-5.2269,-75.6753,85.17,64,66,2.46
102,Ribeira Grande,PT,2022-05-16 14:48:06,38.5167,-28.7,61.2,63,20,21.85
103,Coihaique,CL,2022-05-16 14:48:06,-45.5752,-72.0662,26.55,93,20,0.0
104,Calabozo,VE,2022-05-16 14:48:07,8.9242,-67.4293,90.61,50,100,10.6
105,Pitimbu,BR,2022-05-16 14:48:08,-7.4706,-34.8086,84.79,74,40,11.99
106,Samarai,PG,2022-05-16 14:39:05,-10.6167,150.6667,79.43,77,30,3.56
107,Abu Dhabi,AE,2022-05-16 14:47:38,24.4667,54.3667,93.22,40,0,12.66
108,Puerto Ayacucho,VE,2022-05-16 14:48:09,5.6639,-67.6236,83.19,76,100,4.56
109,Touros,BR,2022-05-16 14:44:19,-5.1989,-35.4608,85.05,70,83,13.58
110,Mangrol,IN,2022-05-16 14:48:09,21.1167,70.1167,84.24,72,3,13.71
111,Torbay,CA,2022-05-16 14:48:11,47.6666,-52.7314,47.28,70,75,12.66
112,Kungurtug,RU,2022-05-16 14:48:11,50.5994,97.5228,56.28,45,100,2.19
113,Kudat,MY,2022-05-16 14:48:12,6.8837,116.8477,78.73,94,20,0.0
114,Port Shepstone,ZA,2022-05-16 14:48:13,-30.7414,30.455,70.47,80,0,19.37
115,Russell,US,2022-05-16 14:48:13,32.3502,-85.1999,77.92,73,0,0.0
116,Faya,SA,2022-05-16 14:48:14,18.3851,42.4509,84.72,9,3,10.76
117,Champerico,GT,2022-05-16 14:48:14,14.3,-91.9167,84.74,64,50,7.52
118,Codrington,AU,2022-05-16 14:48:15,-38.2667,141.9667,51.4,70,100,12.64
119,Mogadouro,PT,2022-05-16 14:48:16,41.3403,-6.7119,73.26,38,69,14.38
120,Nizwa,OM,2022-05-16 14:48:16,22.9333,57.5333,93.31,10,0,1.81
121,Kutum,SD,2022-05-16 14:48:17,14.2,24.6667,91.6,15,31,13.35
122,Ponta Do Sol,PT,2022-05-16 14:48:17,32.6667,-17.1,79.72,70,0,7.23
123,Taltal,CL,2022-05-16 14:48:18,-25.4,-70.4833,64.24,67,100,6.71
124,Lewisporte,CA,2022-05-16 14:48:20,49.2499,-55.0482,46.11,56,98,4.05
125,Frederico Westphalen,BR,2022-05-16 14:48:20,-27.3592,-53.3944,51.44,53,1,8.14
126,Chuy,UY,2022-05-16 14:48:21,-33.6971,-53.4616,53.56,82,60,19.26
127,Cidreira,BR,2022-05-16 14:42:31,-30.1811,-50.2056,57.04,57,1,17.67
128,Chapais,CA,2022-05-16 14:48:21,49.7834,-74.8492,62.38,58,100,7.78
129,Cabo San Lucas,MX,2022-05-16 14:42:02,22.8909,-109.9124,78.51,56,97,4.0
130,Lavrentiya,RU,2022-05-16 14:48:22,65.5833,-171.0,16.92,88,84,7.4
131,Obihiro,JP,2022-05-16 14:48:22,42.9172,143.2044,45.73,60,41,2.75
132,Thinadhoo,MV,2022-05-16 14:48:23,0.5333,72.9333,84.7,74,91,16.2
133,Kahului,US,2022-05-16 14:44:31,20.8947,-156.47,73.85,68,0,6.91
134,Matara,LK,2022-05-16 14:48:24,5.9485,80.5353,78.76,90,100,13.51
135,Jalu,LY,2022-05-16 14:48:24,29.0331,21.5482,88.25,19,0,10.25
136,Upernavik,GL,2022-05-16 14:48:25,72.7868,-56.1549,18.52,76,59,7.85
137,Skibbereen,IE,2022-05-16 14:49:11,51.55,-9.2667,58.1,81,37,14.85
138,Hobart,AU,2022-05-16 14:46:21,-42.8794,147.3294,45.27,89,47,8.05
139,Newport,GB,2022-05-16 14:49:25,51.5877,-2.9984,68.07,82,93,4.0
140,Ayan,RU,2022-05-16 14:49:26,56.45,138.1667,32.36,97,98,8.52
141,Alofi,NU,2022-05-16 14:49:27,-19.0595,-169.9187,67.89,88,40,5.75
142,Mar Del Plata,AR,2022-05-16 14:49:27,-38.0023,-57.5575,53.94,83,100,8.99
143,Severo-Kurilsk,RU,2022-05-16 14:44:17,50.6789,156.125,35.31,97,93,11.48
144,Doembang Nangbuat,TH,2022-05-16 14:49:28,14.8333,100.1,82.89,67,92,5.48
145,Prainha,BR,2022-05-16 14:40:50,-1.8,-53.48,82.49,74,100,4.32
146,Geraldton,AU,2022-05-16 14:42:35,-28.7667,114.6,52.21,93,0,4.61
147,Llanes,ES,2022-05-16 14:49:29,43.4198,-4.7549,68.74,73,58,7.07
148,Sao Joao Da Barra,BR,2022-05-16 14:40:48,-21.6403,-41.0511,82.49,63,100,6.15
149,Burns Lake,CA,2022-05-16 14:49:29,54.2331,-125.7533,42.22,92,100,4.32
150,Riverton,US,2022-05-16 14:49:30,40.5219,-111.9391,72.84,41,0,10.0
151,Krasnoborsk,RU,2022-05-16 14:49:31,61.5598,45.934,53.94,76,100,4.61
152,Tura,IN,2022-05-16 14:49:32,25.5198,90.2201,72.73,98,91,6.02
153,New Albany,US,2022-05-16 14:49:33,38.2856,-85.8241,69.12,69,40,14.97
154,Hokitika,NZ,2022-05-16 14:49:33,-42.7167,170.9667,56.07,88,88,4.0
155,Consuelo,PH,2022-05-16 14:49:34,10.6348,124.301,83.25,77,100,8.01
156,Korla,CN,2022-05-16 14:49:34,41.7597,86.1469,74.91,28,100,12.5
157,Tokur,RU,2022-05-16 14:49:35,53.1333,132.9,21.58,91,51,3.58
158,Atar,MR,2022-05-16 14:49:35,20.5169,-13.0499,109.17,8,14,17.29
159,Sale,MA,2022-05-16 14:48:49,34.0389,-6.8166,82.63,50,18,13.8
160,Montepuez,MZ,2022-05-16 14:49:36,-13.1256,38.9997,72.34,56,98,4.36
161,Batasan,PH,2022-05-16 14:49:37,12.7667,120.7833,82.42,74,86,2.13
162,Nara,JP,2022-05-16 14:49:37,34.6851,135.8049,64.49,61,100,2.8
163,Tiznit,MA,2022-05-16 14:49:38,29.5833,-9.5,76.91,37,0,12.28
164,Jutai,BR,2022-05-16 14:49:39,-5.1833,-68.9,74.62,97,100,1.34
165,Petropavlovsk-Kamchatskiy,RU,2022-05-16 14:49:40,53.0452,158.6483,32.59,100,100,2.24
166,Do Gonbadan,IR,2022-05-16 14:49:42,30.3586,50.7981,98.69,11,0,13.8
167,Vila Velha,BR,2022-05-16 14:49:43,-20.3297,-40.2925,82.35,65,0,4.61
168,Sambava,MG,2022-05-16 14:49:43,-14.2667,50.1667,77.25,77,2,16.71
169,Chumikan,RU,2022-05-16 14:49:44,54.7183,135.315,31.48,90,100,7.81
170,Denpasar,ID,2022-05-16 14:48:22,-8.65,115.2167,82.06,83,20,4.61
171,Kirakira,SB,2022-05-16 14:49:44,-10.4544,161.9205,78.51,84,100,4.76
172,Mount Gambier,AU,2022-05-16 14:49:45,-37.8333,140.7667,51.57,67,100,10.67
173,Verkhoyansk,RU,2022-05-16 14:49:46,67.5447,133.385,21.96,99,95,2.71
174,Belyy Yar,RU,2022-05-16 14:49:46,53.6039,91.3903,64.29,59,0,4.47
175,Salto Del Guaira,PY,2022-05-16 14:49:47,-24.0625,-54.3069,67.08,61,48,1.01
176,Narsaq,GL,2022-05-16 14:42:21,60.9167,-46.05,46.62,54,98,4.23
177,Sola,VU,2022-05-16 14:49:47,-13.8833,167.55,79.88,78,98,16.64
178,Hilo,US,2022-05-16 14:47:04,19.7297,-155.09,76.28,92,100,4.61
179,Lola,GN,2022-05-16 14:49:48,7.8,-8.5333,85.48,59,96,3.74
180,Kruisfontein,ZA,2022-05-16 14:50:52,-34.0033,24.7314,74.41,26,0,5.48
181,Aripuana,BR,2022-05-16 14:50:53,-9.1667,-60.6333,81.79,77,100,2.91
182,Dauphin,CA,2022-05-16 14:50:53,51.1494,-100.0502,42.94,75,75,9.22
183,Lompoc,US,2022-05-16 14:50:54,34.6391,-120.4579,55.63,96,100,18.41
184,Kurchum,KZ,2022-05-16 14:50:54,48.5722,83.6542,63.43,53,10,8.03
185,Verkhniye Tatyshly,RU,2022-05-16 14:50:55,56.2912,55.8575,53.28,82,100,7.81
186,Komsomolskiy,UZ,2022-05-16 14:50:56,40.4272,71.7189,79.52,38,58,4.61
187,Traverse City,US,2022-05-16 14:49:00,44.7631,-85.6206,64.99,44,20,9.22
188,Zeya,RU,2022-05-16 14:50:56,53.75,127.2667,37.58,85,100,3.33
189,Hoquiam,US,2022-05-16 14:50:57,46.9809,-123.8893,50.95,93,97,6.82
190,Naze,JP,2022-05-16 14:50:58,28.3667,129.4833,59.92,90,100,10.83
191,Mandan,US,2022-05-16 14:50:59,46.8267,-100.8896,63.37,52,0,3.0
192,La Ronge,CA,2022-05-16 14:50:59,55.1001,-105.2842,34.05,93,100,5.75
193,Tadine,NC,2022-05-16 14:51:00,-21.55,167.8833,74.25,80,35,13.98
194,Saint George,US,2022-05-16 14:51:01,37.1041,-113.5841,66.79,12,0,0.0
195,Port Hardy,CA,2022-05-16 14:51:01,50.6996,-127.4199,46.4,93,40,3.44
196,Puerto Ayora,EC,2022-05-16 14:51:02,-0.7393,-90.3518,78.76,90,68,1.99
197,Egvekinot,RU,2022-05-16 14:51:02,66.3167,-179.1667,20.43,90,31,2.17
198,Coquimbo,CL,2022-05-16 14:43:54,-29.9533,-71.3436,55.13,76,75,4.61
199,Bintulu,MY,2022-05-16 14:51:03,3.1667,113.0333,77.41,94,20,2.3
200,Atambua,ID,2022-05-16 14:51:03,-9.1061,124.8925,72.32,86,5,3.94
201,Flinders,AU,2022-05-16 14:51:04,-34.5833,150.8552,60.06,75,14,3.0
202,Hervey Bay,AU,2022-05-16 14:51:05,-25.2986,152.8535,72.01,96,2,3.0
203,Bilibino,RU,2022-05-16 14:42:19,68.0546,166.4372,29.75,96,100,1.5
204,Tuktoyaktuk,CA,2022-05-16 14:51:07,69.4541,-133.0374,30.2,100,100,10.36
205,Hamilton,US,2022-05-16 14:50:52,39.1834,-84.5333,67.59,74,75,6.91
206,San Patricio,US,2022-05-16 14:51:07,28.017,-97.5169,84.07,54,5,13.0
207,Bonoua,CI,2022-05-16 14:51:08,5.2741,-3.595,85.62,63,99,7.65
208,Bethel,US,2022-05-16 14:42:48,41.3712,-73.414,77.43,73,75,8.05
209,Peleduy,RU,2022-05-16 14:51:09,59.6289,112.7406,41.88,82,64,0.98
210,Yulara,AU,2022-05-16 14:44:12,-25.2406,130.9889,65.44,36,77,13.22
211,Karad,IN,2022-05-16 14:51:09,17.2833,74.2,83.39,62,39,12.75
212,Salalah,OM,2022-05-16 14:51:10,17.0151,54.0924,82.6,69,1,4.83
213,Luanda,AO,2022-05-16 14:51:10,-8.8368,13.2343,82.4,78,20,10.36
214,Westport,US,2022-05-16 14:49:49,41.1415,-73.3579,79.41,83,0,9.22
215,Tiksi,RU,2022-05-16 14:51:11,71.6872,128.8694,19.0,95,100,13.24
216,Tautira,PF,2022-05-16 14:51:12,-17.7333,-149.15,80.85,74,25,15.97
217,Los Llanos De Aridane,ES,2022-05-16 14:51:12,28.6585,-17.9182,69.55,71,40,5.01
218,Upington,ZA,2022-05-16 14:51:13,-28.4478,21.2561,84.58,21,0,8.05
219,Salinas,US,2022-05-16 14:51:13,36.6777,-121.6555,55.92,84,100,6.91
220,Ruidoso,US,2022-05-16 14:51:01,33.3317,-105.673,72.57,66,0,9.22
221,Flin Flon,CA,2022-05-16 14:46:45,54.7682,-101.865,33.64,86,100,5.75
222,East London,ZA,2022-05-16 14:51:14,-33.0153,27.9116,76.14,73,0,5.75
223,Iqaluit,CA,2022-05-16 14:42:16,63.7506,-68.5145,26.33,79,75,13.8
224,Lata,PT,2022-05-16 14:51:15,40.1629,-8.3327,77.49,52,72,9.53
225,Husavik,IS,2022-05-16 14:51:15,66.0449,-17.3389,56.89,55,81,10.07
226,Hanzhong,CN,2022-05-16 14:51:16,33.0728,107.0303,58.96,64,10,3.85
227,Cape Town,ZA,2022-05-16 14:47:24,-33.9258,18.4232,90.01,44,0,9.22
228,Nome,US,2022-05-16 14:52:16,64.5011,-165.4064,35.67,69,20,5.75
229,Asau,RO,2022-05-16 14:52:17,46.4333,26.4,72.52,72,100,1.86
230,Ixtapa,MX,2022-05-16 14:52:18,20.7,-105.2,83.93,39,95,2.53
231,Kodiak,US,2022-05-16 14:52:19,57.79,-152.4072,42.31,65,0,8.05
232,Bowen,AU,2022-05-16 14:52:19,-20.0167,148.2333,73.13,82,7,3.04
233,Belfast,GB,2022-05-16 14:48:27,54.5833,-5.9333,64.99,78,40,11.5
234,Makubetsu,JP,2022-05-16 14:52:20,45.3714,141.8211,47.82,81,23,18.01
235,Karratha,AU,2022-05-16 14:44:15,-20.7377,116.8463,73.96,77,99,7.96
236,Mumford,GH,2022-05-16 14:44:05,5.2618,-0.759,83.91,73,84,12.59
237,Vanimo,PG,2022-05-16 14:52:22,-2.6741,141.3028,79.65,84,62,3.85
238,Mujiayingzi,CN,2022-05-16 14:52:22,42.1167,118.7833,56.93,24,96,6.02
239,Bandarbeyla,SO,2022-05-16 14:44:16,9.4942,50.8122,82.31,79,14,31.76
240,Saint-Pierre,RE,2022-05-16 14:52:23,-21.3393,55.4781,73.08,78,75,12.66
241,Nabire,ID,2022-05-16 14:52:23,-3.3667,135.4833,76.93,86,87,2.71
242,Namibe,AO,2022-05-16 14:52:24,-15.1961,12.1522,75.83,69,20,12.66
243,Porto Novo,BJ,2022-05-16 14:52:24,6.4965,2.6036,89.42,63,100,11.95
244,Jibuti,DJ,2022-05-16 14:52:25,11.5,42.5,92.68,17,0,9.91
245,Apastovo,RU,2022-05-16 14:52:25,55.2029,48.5109,55.92,69,93,7.99
246,Obo,CF,2022-05-16 14:52:26,5.3998,26.4869,76.53,77,100,2.73
247,Alexandria,EG,2022-05-16 14:52:27,31.2156,29.9553,75.74,53,0,9.22
248,Manali,IN,2022-05-16 14:52:27,13.1667,80.2667,86.07,85,100,10.33
249,Jasper,US,2022-05-16 14:51:41,37.2001,-94.3502,71.02,73,0,5.75
250,Bemidji,US,2022-05-16 14:49:45,47.4736,-94.8803,53.06,60,0,14.97
251,Norman Wells,CA,2022-05-16 14:52:28,65.282,-126.8329,35.64,80,20,3.44
252,Ketchikan,US,2022-05-16 14:52:28,55.3422,-131.6461,42.78,87,75,6.91
253,Chik,RU,2022-05-16 14:52:29,54.9928,82.4311,71.35,32,0,8.95
254,Mudanjiang,CN,2022-05-16 14:52:30,44.5833,129.6,45.5,55,14,3.47
255,Dhidhdhoo,MV,2022-05-16 14:52:30,6.8833,73.1,82.09,83,100,24.72
256,Hualmay,PE,2022-05-16 14:52:31,-11.0964,-77.6139,69.62,67,78,7.9
257,Kashi,CN,2022-05-16 14:52:31,39.4547,75.9797,74.41,35,20,4.47
258,Hovd,MN,2022-05-16 14:52:32,48.0056,91.6419,60.01,35,100,10.47
259,Kismayo,SO,2022-05-16 14:52:32,-0.3582,42.5454,80.4,79,8,15.99
260,Avallon,FR,2022-05-16 14:52:33,47.4833,3.9,72.88,59,7,4.27
261,Kavaratti,IN,2022-05-16 14:52:33,10.5669,72.642,80.73,80,100,20.74
262,Gwadar,PK,2022-05-16 14:52:34,25.1216,62.3254,85.23,66,0,20.15
263,Sao Luis,BR,2022-05-16 14:47:49,-2.5297,-44.3028,88.0,66,40,11.5
264,Phalaborwa,ZA,2022-05-16 14:52:35,-23.943,31.1411,70.88,60,94,10.04
265,Castro,BR,2022-05-16 14:52:35,-24.7911,-50.0119,56.77,74,99,6.53
266,Fort Nelson,CA,2022-05-16 14:52:36,58.8053,-122.7002,47.79,61,75,5.75
267,Aklavik,CA,2022-05-16 14:52:36,68.2191,-135.0107,30.81,90,100,13.49
268,Talnakh,RU,2022-05-16 14:52:37,69.4865,88.3972,45.21,88,100,8.59
269,Lagoa,PT,2022-05-16 14:52:37,39.05,-27.9833,56.35,69,16,28.16
270,Alihe,CN,2022-05-16 14:52:38,50.5667,123.7167,48.42,61,100,3.91
271,Hasaki,JP,2022-05-16 14:52:39,35.7333,140.8333,57.6,92,100,19.37
272,Serenje,ZM,2022-05-16 14:53:40,-13.2325,30.2352,64.17,63,5,6.91
273,Arraial Do Cabo,BR,2022-05-16 14:53:40,-22.9661,-42.0278,78.76,73,40,13.8
274,Balgazyn,RU,2022-05-16 14:53:41,51.0,95.2,59.22,59,100,12.77
275,San Juan,AR,2022-05-16 14:53:41,-31.5375,-68.5364,54.05,34,5,4.23
276,Lasa,IT,2022-05-16 14:53:42,46.6166,10.7002,61.68,76,100,1.14
277,Liuhe,CN,2022-05-16 14:53:42,42.2401,125.7172,47.14,39,0,5.91
278,Bengkulu,ID,2022-05-16 14:49:38,-3.8004,102.2655,78.55,88,100,3.15
279,Palmeira,BR,2022-05-16 14:53:43,-25.4294,-50.0064,59.63,57,17,7.11
280,Kawalu,ID,2022-05-16 14:53:44,-7.3817,108.2082,74.53,97,88,1.43
281,Abasolo,MX,2022-05-16 14:53:45,20.45,-101.5167,74.79,29,17,5.53
282,Lithakia,GR,2022-05-16 14:53:45,37.7167,20.8333,74.57,68,23,8.57
283,San Rafael,AR,2022-05-16 14:50:43,-34.6177,-68.3301,50.59,37,0,4.41
284,Parrita,CR,2022-05-16 14:53:46,9.5201,-84.3225,84.47,74,91,4.23
285,Hutang,CN,2022-05-16 14:53:46,31.5333,119.4833,64.18,49,38,6.96
286,Diego De Almagro,CL,2022-05-16 14:50:57,-26.3667,-70.05,72.18,17,36,4.52
287,Tateyama,JP,2022-05-16 14:44:21,34.9833,139.8667,61.11,90,100,14.99
288,Fort Frances,CA,2022-05-16 14:53:47,48.5999,-93.4003,46.62,69,100,11.5
289,Dindori,IN,2022-05-16 14:53:48,22.95,81.0833,91.87,21,10,4.59
290,Pimentel,PE,2022-05-16 14:53:48,-6.8367,-79.9342,68.29,73,0,6.91
291,Bainbridge,US,2022-05-16 14:53:37,47.6262,-122.5212,55.85,86,100,8.99
292,Manadhoo,MV,2022-05-16 14:53:49,5.7667,73.3833,83.41,80,100,24.56
293,Navlya,RU,2022-05-16 14:53:49,52.8281,34.4989,57.34,59,69,13.31
294,Rocha,UY,2022-05-16 14:53:50,-34.4833,-54.3333,54.36,77,88,17.47
295,Shushtar,IR,2022-05-16 14:53:50,32.0455,48.8567,107.53,13,0,18.86
296,Camopi,GF,2022-05-16 14:53:51,3.1655,-52.3158,81.1,91,98,4.21
297,Nioro,GM,2022-05-16 14:53:52,13.35,-15.75,106.99,12,84,3.83
298,Porto Recanati,IT,2022-05-16 14:53:52,43.4365,13.6613,83.98,41,2,7.78
299,Golspie,GB,2022-05-16 14:53:53,57.9727,-3.978,51.15,95,100,15.39
300,Leningradskiy,RU,2022-05-16 14:53:53,69.3833,178.4167,12.79,95,58,7.27
301,Murashi,RU,2022-05-16 14:53:54,59.3999,48.9615,53.76,67,46,1.97
302,Tarkwa,GH,2022-05-16 14:53:54,5.3064,-1.9847,87.96,60,100,5.55
303,Hami,CN,2022-05-16 14:53:55,42.8,93.45,77.09,11,100,5.73
304,Tutoia,BR,2022-05-16 14:53:55,-2.7619,-42.2744,86.14,58,44,11.16
305,Nuuk,GL,2022-05-16 14:53:56,64.1835,-51.7216,32.88,74,0,8.99
306,Marsa Matruh,EG,2022-05-16 14:53:56,31.3525,27.2453,73.6,68,0,11.5
307,Dunmore East,IE,2022-05-16 14:53:57,52.1514,-6.9861,62.33,75,75,20.71
308,Porbandar,IN,2022-05-16 14:53:57,21.6422,69.6093,84.18,72,4,14.76
309,College,US,2022-05-16 14:53:58,64.8569,-147.8028,37.08,93,75,1.14
310,Kupang,ID,2022-05-16 14:53:58,-10.1667,123.5833,77.23,83,19,6.64
311,Shetpe,KZ,2022-05-16 14:53:59,44.1667,52.1167,62.8,64,100,18.99
312,Niteroi,BR,2022-05-16 14:53:59,-22.8833,-43.1036,81.19,74,75,5.75
313,Tambopata,PE,2022-05-16 14:54:00,-12.7333,-69.1833,71.49,73,100,9.22
314,Victoria,HK,2022-05-16 14:51:37,22.2855,114.1577,70.32,77,100,8.01
315,Mapiripan,CO,2022-05-16 14:54:00,2.8892,-72.1256,74.89,95,100,2.77
316,Yantal,RU,2022-05-16 14:54:01,56.8471,105.2542,57.87,39,100,3.62
317,Sao Geraldo Do Araguaia,BR,2022-05-16 14:53:24,-6.4006,-48.555,83.97,75,100,4.5
318,Vallenar,CL,2022-05-16 14:54:01,-28.5708,-70.7581,69.66,33,0,3.29
319,Ende,ID,2022-05-16 14:54:02,-8.8432,121.6623,78.46,88,7,1.68
320,Dakar,SN,2022-05-16 14:44:11,14.6937,-17.4441,92.28,58,43,6.91
321,Shumskiy,RU,2022-05-16 14:55:02,54.8318,99.1328,55.89,88,100,6.22
322,Aranos,NA,2022-05-16 14:55:03,-24.1333,19.1167,78.51,19,6,13.51
323,Kloulklubed,PW,2022-05-16 14:55:03,7.0419,134.2556,77.5,74,8,13.94
324,Lashio,MM,2022-05-16 14:55:04,22.9333,97.75,68.32,93,45,2.33
325,Half Moon Bay,US,2022-05-16 14:55:04,37.4636,-122.4286,58.91,87,100,12.66
326,Plettenberg Bay,ZA,2022-05-16 14:55:05,-34.0527,23.3716,72.81,43,0,2.66
327,Ambanja,MG,2022-05-16 14:55:06,-13.6833,48.45,84.13,84,6,1.72
328,Manaus,BR,2022-05-16 14:55:06,-3.1019,-60.025,84.69,79,75,4.61
329,Sistranda,NO,2022-05-16 14:55:07,63.7256,8.834,46.36,60,43,15.59
330,San Pedro,PH,2022-05-16 14:55:07,14.35,121.0167,79.83,87,100,2.3
331,Pisco,PE,2022-05-16 14:55:08,-13.7,-76.2167,66.25,77,16,4.61
332,Nsanje,MW,2022-05-16 14:55:08,-16.92,35.262,69.69,92,70,5.97
333,Buluang,PH,2022-05-16 14:55:09,13.3068,123.3425,78.17,87,82,2.95
334,Sumbe,AO,2022-05-16 14:55:10,-11.2061,13.8437,84.2,74,40,4.61
335,Margate,GB,2022-05-16 14:55:10,51.3813,1.3862,67.3,72,12,17.85
336,Phalodi,IN,2022-05-16 14:55:11,27.1333,72.3667,95.25,10,0,13.22
337,Leander,US,2022-05-16 14:55:09,30.5788,-97.8531,81.73,75,75,5.01
338,Ballitoville,ZA,2022-05-16 14:55:11,-29.539,31.2144,73.54,68,20,16.11
339,Livingstone,ZM,2022-05-16 14:55:12,-17.8419,25.8543,74.12,30,0,7.38
340,Chernyshevskiy,RU,2022-05-16 14:55:12,63.0128,112.4714,33.33,95,54,0.74
341,Puerto Varas,CL,2022-05-16 14:51:47,-41.3195,-72.9854,39.42,93,0,0.0
342,Pore,CO,2022-05-16 14:55:13,5.7272,-71.9947,87.84,53,92,3.89
343,Rojhan,PK,2022-05-16 14:55:14,28.6868,69.9534,102.94,10,0,3.47
344,Roma,US,2022-05-16 14:50:27,43.2128,-75.4557,75.72,74,75,5.75
345,Sabang,ID,2022-05-16 14:55:14,5.8933,95.3214,83.53,74,100,11.56
346,Mazagao,BR,2022-05-16 14:55:15,-0.115,-51.2894,89.65,62,93,5.91
347,Alyangula,AU,2022-05-16 14:55:15,-13.8483,136.4192,75.18,69,0,6.13
348,Sobolevo,RU,2022-05-16 14:55:16,54.4299,31.8996,52.95,56,71,13.98
349,Galle,LK,2022-05-16 14:55:16,6.0367,80.217,80.28,86,100,16.87
350,Riyadh,SA,2022-05-16 14:52:37,24.6877,46.7219,102.34,5,0,10.96
351,Lima,PE,2022-05-16 14:51:00,-12.0432,-77.0282,66.38,58,0,6.91
352,Port Moresby,PG,2022-05-16 14:55:17,-9.4431,147.1797,76.42,94,40,5.75
353,Buala,SB,2022-05-16 14:55:19,-8.145,159.5921,79.12,81,53,2.53
354,Asfi,MA,2022-05-16 14:55:19,32.2994,-9.2372,71.31,66,0,22.03
355,Abu Zabad,SD,2022-05-16 14:55:20,12.35,29.25,98.35,19,76,1.39
356,Lakota,CI,2022-05-16 14:55:21,5.8528,-5.6883,89.55,52,100,6.33
357,Pangody,RU,2022-05-16 14:55:21,65.85,74.4859,54.41,70,75,9.75
358,Kurilsk,RU,2022-05-16 14:55:22,45.2333,147.8833,44.85,64,0,5.99
359,Townsville,AU,2022-05-16 14:55:23,-19.25,146.8,72.48,88,94,0.0
360,Oria,ES,2022-05-16 14:55:23,43.2554,-2.0187,79.48,43,94,5.01
361,Falavarjan,IR,2022-05-16 14:55:24,32.5553,51.5097,87.01,11,2,22.15
362,Golden,US,2022-05-16 14:55:24,39.7555,-105.2211,71.98,41,75,0.0
363,Hastings,GB,2022-05-16 14:55:25,50.8552,0.5729,69.98,82,7,12.03
364,Bambanglipuro,ID,2022-05-16 14:55:26,-7.95,110.2833,78.55,83,94,3.02
365,Faanui,PF,2022-05-16 14:56:26,-16.4833,-151.75,79.9,72,94,8.75
366,Lodhran,PK,2022-05-16 14:56:27,29.5405,71.6336,100.67,12,0,6.69
367,Basco,PH,2022-05-16 14:56:27,20.4487,121.9702,79.83,83,100,23.98
368,Ostrovnoy,RU,2022-05-16 14:56:29,68.0531,39.5131,37.38,79,100,16.46
369,Miri,MY,2022-05-16 14:56:29,4.4148,114.0089,78.94,94,40,3.44
370,Akhmim,EG,2022-05-16 14:56:30,26.5622,31.745,93.4,8,100,21.54
371,Oxapampa,PE,2022-05-16 14:56:30,-10.5775,-75.4017,66.63,79,89,4.16
372,Bonavista,CA,2022-05-16 14:56:31,48.6499,-53.1147,39.16,77,97,5.44
373,Lunino,RU,2022-05-16 14:56:31,53.5918,45.2271,50.16,90,100,11.5
374,Zhuanghe,CN,2022-05-16 14:56:32,39.7008,122.9911,54.43,82,0,2.59
375,Sosnovo-Ozerskoye,RU,2022-05-16 14:56:32,52.5249,111.5418,46.87,49,6,6.64
376,Havoysund,NO,2022-05-16 14:56:33,70.9963,24.6622,36.84,68,100,19.8
377,Guerrero Negro,MX,2022-05-16 14:56:33,27.9769,-114.0611,61.86,79,98,16.64
378,Lake Havasu City,US,2022-05-16 14:53:06,34.4839,-114.3224,87.46,13,0,5.01
379,Katangli,RU,2022-05-16 14:56:34,51.7102,143.2326,30.79,98,99,5.03
380,Bumba,CD,2022-05-16 14:56:34,2.1833,22.4667,81.84,69,98,1.1
381,Namakkal,IN,2022-05-16 14:56:34,11.2213,78.1652,82.13,76,100,8.43
382,Sayyan,YE,2022-05-16 14:56:35,15.1718,44.3244,72.23,6,0,14.99
383,Hambantota,LK,2022-05-16 14:56:35,6.1241,81.1185,80.94,89,40,10.36
384,Jardim,BR,2022-05-16 14:54:21,-21.4803,-56.1381,62.28,68,68,10.02
385,Riachos,PT,2022-05-16 14:56:36,39.4447,-8.5142,81.34,63,86,8.99
386,Shostka,UA,2022-05-16 14:56:36,51.863,33.4698,53.13,61,88,16.02
387,Voskresenskoye,RU,2022-05-16 14:56:36,56.8381,45.4317,47.59,81,89,8.86
388,Les Cayes,HT,2022-05-16 14:56:37,18.2,-73.75,83.35,70,97,14.41
389,Okhotsk,RU,2022-05-16 14:56:37,59.3833,143.3,32.97,98,100,25.37
390,Mizan Teferi,ET,2022-05-16 14:56:37,6.9833,35.5833,68.38,88,38,0.54
391,Tuskegee,US,2022-05-16 14:56:38,32.424,-85.6916,79.14,100,6,1.99
392,Makakilo City,US,2022-05-16 14:56:38,21.3469,-158.0858,73.72,81,34,5.55
393,Sur,OM,2022-05-16 14:56:38,22.5667,59.5289,87.06,44,0,0.76
394,Qaqortoq,GL,2022-05-16 14:56:39,60.7167,-46.0333,39.7,59,100,6.11
395,Isangel,VU,2022-05-16 14:56:39,-19.55,169.2667,76.03,81,84,15.5
396,Kasangulu,CD,2022-05-16 14:56:40,-4.5911,15.1708,92.28,60,89,1.28
397,Taoudenni,ML,2022-05-16 14:56:40,22.6783,-3.9836,108.86,5,0,15.73
398,Namatanai,PG,2022-05-16 14:56:40,-3.6667,152.4333,80.08,77,95,4.21
399,Yushu,CN,2022-05-16 14:56:41,44.8,126.5333,54.9,27,69,6.04
400,Umm Kaddadah,SD,2022-05-16 14:56:41,13.6017,26.6876,100.22,12,12,12.5
401,Shingu,JP,2022-05-16 14:56:41,33.7333,135.9833,58.17,92,100,4.32
402,Ahipara,NZ,2022-05-16 14:56:42,-35.1667,173.1667,63.72,94,51,6.98
403,Humboldt,US,2022-05-16 14:56:42,40.6665,-123.9178,47.68,95,100,4.21
404,Obigarm,TJ,2022-05-16 14:56:42,38.7173,69.7088,61.09,70,7,2.48
405,Mitu,CO,2022-05-16 14:56:43,1.1983,-70.1733,80.11,78,100,1.92
406,Moses Lake,US,2022-05-16 14:56:43,47.1301,-119.2781,45.28,66,100,7.7
407,Arman,RU,2022-05-16 14:56:44,59.7,150.1667,41.02,89,100,12.33
408,Karatau,KZ,2022-05-16 14:56:44,43.1667,70.4667,68.76,50,0,6.2
409,Udalguri,IN,2022-05-16 14:56:44,26.7667,92.1333,72.64,94,61,5.73
410,Cururupu,BR,2022-05-16 14:57:45,-1.8283,-44.8683,83.82,77,100,5.95
411,Miraflores,MX,2022-05-16 14:57:45,19.2167,-98.8083,66.02,28,9,2.77
412,Mayumba,GA,2022-05-16 14:57:46,-3.432,10.6554,81.48,79,100,7.74
413,Dongsheng,CN,2022-05-16 14:57:46,39.8161,109.9776,59.45,13,62,13.18
414,Luderitz,NA,2022-05-16 14:57:46,-26.6481,15.1594,77.27,32,1,0.83
415,Tukrah,LY,2022-05-16 14:57:47,32.5341,20.5791,74.37,36,0,6.67
416,Kargasok,RU,2022-05-16 14:57:47,59.0556,80.8572,59.94,63,54,7.16
417,Hay River,CA,2022-05-16 14:57:47,60.8156,-115.7999,44.58,61,40,11.5
418,Bhayavadar,IN,2022-05-16 14:57:48,21.85,70.25,87.24,47,4,15.3
419,Kamina,CD,2022-05-16 14:57:48,-8.7386,24.9906,74.07,55,89,3.71
420,Coahuayana,MX,2022-05-16 14:57:49,18.7333,-103.6833,85.41,36,57,2.66
421,Ipixuna,BR,2022-05-16 14:57:49,-1.7625,-48.8043,88.86,58,93,5.41
422,Belem,BR,2022-05-16 14:54:36,-1.4558,-48.5044,87.84,66,75,10.36
423,Areosa,PT,2022-05-16 14:57:49,41.7178,-8.8571,66.16,78,31,18.99
424,Porangatu,BR,2022-05-16 14:57:50,-13.4408,-49.1486,93.15,35,0,3.0
425,Vawkavysk,BY,2022-05-16 14:57:50,53.1561,24.4513,58.15,57,75,11.52
426,Katghora,IN,2022-05-16 14:57:50,22.5,82.55,94.44,23,36,1.9
427,Los Chiles,CR,2022-05-16 14:57:51,11.0333,-84.7167,81.63,83,100,4.63
428,Zhigansk,RU,2022-05-16 14:57:51,66.7697,123.3711,23.22,90,100,5.88
429,Maragogi,BR,2022-05-16 14:54:16,-9.0122,-35.2225,82.99,77,77,8.99
430,Paamiut,GL,2022-05-16 14:57:52,61.994,-49.6678,34.09,75,6,15.43
431,Sillamae,EE,2022-05-16 14:57:52,59.3997,27.7547,48.58,65,90,14.29
432,Gualaquiza,EC,2022-05-16 14:57:52,-3.4,-78.55,65.1,97,100,0.27
433,Amqui,CA,2022-05-16 14:57:53,48.4638,-67.4313,46.83,96,100,4.21
434,Halifax,CA,2022-05-16 14:55:02,44.6453,-63.5724,51.69,98,100,10.36
435,Ntungamo,UG,2022-05-16 14:57:53,-0.8833,29.65,73.49,76,99,3.18
436,Ferkessedougou,CI,2022-05-16 14:57:53,9.6,-5.2,99.01,29,40,9.46
437,Pingyin,CN,2022-05-16 14:57:54,36.2831,116.4453,66.83,18,0,4.52
438,Teguise,ES,2022-05-16 14:57:54,29.0605,-13.564,68.22,78,20,17.27
439,Raga,SS,2022-05-16 14:57:54,8.4596,25.678,85.87,52,97,5.06
440,Quzhou,CN,2022-05-16 14:57:55,28.9594,118.8686,57.94,75,4,0.96
441,San Vicente,AR,2022-05-16 14:57:55,-26.6167,-54.1333,55.47,40,2,5.32
442,Chabahar,IR,2022-05-16 14:57:56,25.2919,60.643,84.97,71,0,13.58
443,Roebourne,AU,2022-05-16 14:57:56,-20.7833,117.1333,73.94,74,100,8.05
444,Laguna,US,2022-05-16 14:56:02,38.421,-121.4238,60.94,79,0,10.36
445,Armidale,AU,2022-05-16 14:57:57,-30.5167,151.65,48.7,95,0,1.86
446,Morondava,MG,2022-05-16 14:57:57,-20.2833,44.2833,79.36,65,8,14.07
447,Vardo,NO,2022-05-16 14:57:57,70.3705,31.1107,39.18,87,75,19.57
448,Ranong,TH,2022-05-16 14:57:58,9.9658,98.6348,80.89,85,100,9.48
449,Port Blair,IN,2022-05-16 14:57:58,11.6667,92.75,81.23,84,100,11.81
450,Mezhdurechensk,RU,2022-05-16 14:57:59,53.6942,88.0603,61.05,59,70,3.6
451,Monkey Bay,MW,2022-05-16 14:57:59,-14.0728,34.9201,78.44,56,24,11.86
452,Auki,SB,2022-05-16 14:58:00,-8.7676,160.7034,77.85,85,96,2.19
453,Vila,PT,2022-05-16 14:58:01,42.0304,-8.1588,63.48,88,99,9.33
454,Ponta Delgada,PT,2022-05-16 14:58:01,37.7333,-25.6667,63.32,59,20,19.57
455,Pontianak,ID,2022-05-16 14:58:02,-0.0333,109.3333,76.98,94,20,0.0
456,Vilani,LV,2022-05-16 14:58:02,56.5525,26.9245,54.34,43,89,13.2
457,Sioux Lookout,CA,2022-05-16 14:58:03,50.1001,-91.917,39.27,87,75,11.5
458,Galion,US,2022-05-16 14:59:03,40.7337,-82.7899,62.33,79,93,1.01
459,Argentan,FR,2022-05-16 14:59:03,48.75,-0.0167,65.35,83,78,8.5
460,Zabid,YE,2022-05-16 14:59:04,14.1951,43.3152,95.97,21,0,8.57
461,Vostok,RU,2022-05-16 14:59:04,46.4856,135.8833,37.26,68,28,6.62
462,Fukue,JP,2022-05-16 14:59:04,32.6881,128.8419,64.72,48,100,7.11
463,Stornoway,GB,2022-05-16 14:59:05,58.2093,-6.3865,51.76,88,75,14.97
464,Kropotkin,RU,2022-05-16 14:59:05,45.4375,40.5756,62.11,64,19,12.19
465,Marawi,PH,2022-05-16 14:59:06,7.9986,124.2928,70.54,93,71,2.71
466,Vestmanna,FO,2022-05-16 14:59:06,62.1564,-7.1664,50.92,62,61,23.02
467,Saldanha,ZA,2022-05-16 14:59:06,-33.0117,17.9442,89.65,36,12,12.08
468,Santa Cruz,BO,2022-05-16 14:56:41,-17.8,-63.1667,67.46,55,75,25.32
469,Itarema,BR,2022-05-16 14:59:07,-2.9248,-39.9167,84.51,70,83,14.32
470,Santa Marta,CO,2022-05-16 14:57:54,11.2408,-74.199,86.05,74,40,5.75
471,Manokwari,ID,2022-05-16 14:59:08,-0.8667,134.0833,80.89,76,100,5.82
472,Mega,ET,2022-05-16 14:59:08,4.05,38.3,63.43,72,74,12.8
473,Wadena,US,2022-05-16 14:59:09,46.4425,-95.1361,56.95,59,5,10.98
474,Mehran,IR,2022-05-16 14:59:09,33.1222,46.1646,88.81,15,0,19.98
475,Opuwo,NA,2022-05-16 14:59:10,-18.0607,13.84,83.12,22,31,12.41
476,Aviles,ES,2022-05-16 14:59:10,43.5547,-5.9248,75.18,62,20,10.36
477,Cabedelo,BR,2022-05-16 14:59:11,-6.9811,-34.8339,84.87,77,35,12.33
478,Hofn,IS,2022-05-16 14:59:11,64.2539,-15.2082,53.62,71,75,9.22
479,Fjerritslev,DK,2022-05-16 14:59:12,57.0813,9.2664,58.89,67,100,10.36
480,Inuvik,CA,2022-05-16 14:59:12,68.3499,-133.7218,33.01,100,100,5.75
481,Mogzon,RU,2022-05-16 14:59:13,51.7435,111.9606,45.12,50,50,3.67
482,Nizhniy Tagil,RU,2022-05-16 14:54:45,57.9194,59.965,56.3,67,100,3.47
483,Acapulco,MX,2022-05-16 14:59:13,16.8634,-99.8901,86.16,52,25,1.99
484,Havelock,US,2022-05-16 14:58:22,34.8791,-76.9013,82.35,83,1,11.01
485,Wajima,JP,2022-05-16 14:59:13,37.4,136.9,57.67,63,100,3.4
486,Boca Do Acre,BR,2022-05-16 14:59:14,-8.7522,-67.3978,74.32,99,100,4.14
487,Fenoarivo Atsinanana,MG,2022-05-16 14:59:14,-17.3667,49.4167,73.78,83,16,10.63
488,Minbu,MM,2022-05-16 14:59:15,20.1833,94.8833,91.02,53,89,3.09
489,Ust-Omchug,RU,2022-05-16 14:59:15,61.15,149.6333,32.97,85,97,5.86
490,Mirabad,AF,2022-05-16 14:59:16,30.4362,61.8383,90.32,7,0,11.5
491,Tamiahua,MX,2022-05-16 14:59:16,21.2667,-97.45,82.65,65,6,7.45
492,Klaksvik,FO,2022-05-16 14:59:16,62.2266,-6.589,52.72,89,44,22.32
493,Jumla,NP,2022-05-16 14:59:17,29.2747,82.1838,59.63,52,67,3.91
494,Miles City,US,2022-05-16 14:59:17,46.4083,-105.8406,63.48,45,75,7.54
495,Gebre Guracha,ET,2022-05-16 14:59:17,9.8,38.4,75.52,10,98,5.3
496,Zlobin,HR,2022-05-16 14:59:18,45.2924,14.6541,70.9,47,0,6.91
497,Northam,GB,2022-05-16 14:59:18,51.0333,-4.2167,62.65,74,45,15.17
498,Bismarck,US,2022-05-16 14:57:17,46.8083,-100.7837,62.87,50,0,5.75
499,San Cristobal,VE,2022-05-16 14:59:19,7.7669,-72.225,80.78,44,99,9.19
500,Znamenskoye,RU,2022-05-16 14:59:19,57.1281,73.8282,55.65,83,74,6.4
501,Camaqua,BR,2022-05-16 14:59:19,-30.8511,-51.8122,56.17,60,6,13.15
502,Intipuca,SV,2022-05-16 14:59:20,13.1969,-88.0544,90.7,42,99,1.99
503,Janesville,US,2022-05-16 14:58:45,42.6828,-89.0187,70.14,37,2,5.01
504,Hinton,CA,2022-05-16 15:00:20,53.4001,-117.5857,49.26,62,68,5.37
505,Smithers,CA,2022-05-16 15:00:20,54.7804,-127.1743,43.47,97,100,4.29
506,Mehamn,NO,2022-05-16 15:00:21,71.0357,27.8492,35.51,73,100,19.13
507,Banepa,NP,2022-05-16 15:00:21,27.6298,85.5214,66.52,94,75,4.61
508,Chornobay,UA,2022-05-16 15:00:22,49.6708,32.3239,58.89,59,87,8.9
509,Mangai,CD,2022-05-16 15:00:22,-4.05,19.5333,90.09,43,83,2.19
510,Kudahuvadhoo,MV,2022-05-16 15:00:22,2.6708,72.8944,83.68,79,96,18.03
511,Eagle Pass,US,2022-05-16 14:59:27,28.7091,-100.4995,82.27,59,65,11.23
512,Ternate,ID,2022-05-16 15:00:23,0.8,127.4,81.48,78,76,3.44
513,Pinega,RU,2022-05-16 15:00:23,64.7001,43.3936,46.98,49,61,11.59
514,Grindavik,IS,2022-05-16 15:00:24,63.8424,-22.4338,55.87,67,75,11.5
515,Chimbote,PE,2022-05-16 15:00:24,-9.0853,-78.5783,67.69,77,76,9.13
516,Payson,US,2022-05-16 15:00:24,40.0444,-111.7321,71.37,38,98,1.99
517,Erenhot,CN,2022-05-16 15:00:25,43.6475,111.9767,63.99,14,92,6.24
518,Sozopol,BG,2022-05-16 15:00:25,42.4167,27.7,71.94,66,8,9.4
519,Marsh Harbour,BS,2022-05-16 15:00:26,26.5412,-77.0636,77.68,77,100,4.61
520,Christchurch,NZ,2022-05-16 14:56:17,-43.5333,172.6333,52.48,95,100,3.44
521,Adrar,MR,2022-05-16 15:00:26,20.5022,-10.0711,106.79,6,8,17.9
522,Mozarlandia,BR,2022-05-16 15:00:27,-14.7447,-50.5706,91.13,37,8,6.51
523,Saint-Georges,GD,2022-05-16 14:59:13,12.0564,-61.7485,83.88,74,20,23.02
524,Uyuni,BO,2022-05-16 15:00:27,-20.4597,-66.825,47.66,28,0,17.87
525,Quatre Cocos,MU,2022-05-16 15:00:27,-20.2078,57.7625,76.08,70,84,16.28
526,Port Lincoln,AU,2022-05-16 14:55:50,-34.7333,135.8667,58.42,65,100,10.22
527,Pottsville,US,2022-05-16 15:00:28,40.6857,-76.1955,75.56,82,17,1.99
528,Mayo,US,2022-05-16 15:00:28,38.8876,-76.5119,72.97,93,100,6.91
529,Safaga,EG,2022-05-16 15:00:29,26.7292,33.9365,89.33,22,88,27.74
530,Coxim,BR,2022-05-16 15:00:29,-18.5067,-54.76,69.13,77,99,5.75
531,Eyl,SO,2022-05-16 15:00:30,7.9803,49.8164,84.15,71,71,26.19
532,Cabra,ES,2022-05-16 15:00:30,37.4725,-4.4421,80.15,29,9,7.7
533,Bonfim,BR,2022-05-16 15:00:30,3.0833,-59.95,82.4,74,100,3.96
534,Arcata,US,2022-05-16 15:00:31,40.8665,-124.0828,56.75,74,100,9.22
535,Santa Cruz De La Palma,ES,2022-05-16 15:00:31,28.6835,-17.7642,74.14,69,4,4.25
536,Freeport,US,2022-05-16 15:00:32,40.6576,-73.5832,78.15,77,79,7.0
537,Saint Anthony,US,2022-05-16 14:59:09,45.0205,-93.218,65.89,46,0,14.97
538,Tabou,CI,2022-05-16 15:00:32,4.423,-7.3528,83.08,77,100,8.1
539,Rawson,AR,2022-05-16 14:58:24,-43.3002,-65.1023,51.12,63,27,5.82
540,Voh,NC,2022-05-16 15:00:33,-20.9667,164.7,70.65,88,15,5.44
541,Mantamados,GR,2022-05-16 15:00:33,39.3117,26.3339,80.65,57,5,8.68
542,Conde,BR,2022-05-16 15:00:34,-7.2597,-34.9075,83.16,73,39,12.35
543,Key Largo,US,2022-05-16 14:57:46,25.0865,-80.4473,81.0,69,14,7.81
544,Kachiry,KZ,2022-05-16 15:00:34,53.0675,76.1036,62.82,66,67,10.87
545,Szecseny,HU,2022-05-16 15:00:34,48.0806,19.5202,79.41,55,11,7.38
546,San Juan De Flores,HN,2022-05-16 15:00:35,14.2667,-87.0333,83.07,37,97,5.91
547,Atasu,KZ,2022-05-16 15:00:35,48.6814,71.6433,68.76,36,19,9.42
548,Batagay-Alyta,RU,2022-05-16 15:00:35,67.8006,130.4114,6.91,96,73,5.17
549,Essenbach,DE,2022-05-16 15:00:36,48.6167,12.2167,80.42,59,90,13.11
550,Mindelo,CV,2022-05-16 15:00:36,16.8901,-24.9804,76.37,66,99,21.39
551,Mena,UA,2022-05-16 15:01:37,51.5217,32.2157,56.12,57,79,13.76
552,Filadelfia,US,2022-05-16 15:00:35,39.9523,-75.1638,75.94,77,42,4.0
553,Prince Rupert,CA,2022-05-16 14:59:28,54.3161,-130.3201,44.29,78,100,26.46
554,Oranjemund,NA,2022-05-16 15:01:37,-28.55,16.4333,78.37,33,0,6.98
555,Whitecourt,CA,2022-05-16 15:01:37,54.1502,-115.6855,52.02,58,97,10.69
556,Brigantine,US,2022-05-16 15:01:38,39.4101,-74.3646,76.03,88,77,11.68
557,Oksfjord,NO,2022-05-16 15:01:38,70.2396,22.3479,39.27,89,100,11.95
